image_idx,filename
0,00000_4328446793.jpg
1,00001_4737220407.jpg
2,00002_2416297261.jpg
3,00003_4794460787.jpg
4,00004_2061927950.jpg
5,00005_8218549120.jpg
6,00006_1558272464.jpg
7,00007_4668948309.jpg
8,00008_5455501634.jpg
9,00009_2423894412.jpg
10,00010_48909051.jpg
11,00011_428168186.jpg
12,00012_6968025762.jpg
13,00013_4456116509.jpg
14,00014_3680031186.jpg
15,00015_3841625978.jpg
16,00016_4926882194.jpg
17,00017_2412390588.jpg
18,00018_2721132879.jpg
19,00019_2865725777.jpg
20,00020_3707990914.jpg
21,00021_6213858694.jpg
22,00022_3677860841.jpg
23,00023_2111061687.jpg
24,00024_333216446.jpg
25,00025_135444196.jpg
26,00026_4852920753.jpg
27,00027_4673846067.jpg
28,00028_4755277286.jpg
29,00029_3054989420.jpg
30,00030_526527116.jpg
31,00031_158898445.jpg
32,00032_3135424930.jpg
33,00033_7874684438.jpg
34,00034_31764678.jpg
35,00035_2716718260.jpg
36,00036_991971859.jpg
37,00037_4199555.jpg
38,00038_7610925230.jpg
39,00039_307694980.jpg
40,00040_109260218.jpg
41,00041_3099504809.jpg
42,00042_2810456728.jpg
43,00043_8034142456.jpg
44,00044_44619131.jpg
45,00045_4762673638.jpg
46,00046_2764057744.jpg
47,00047_4162702.jpg
48,00048_7760698166.jpg
49,00049_4735812382.jpg
50,00050_4792134256.jpg
51,00051_3827298104.jpg
52,00052_36979.jpg
53,00053_4980430291.jpg
54,00054_3344948183.jpg
55,00055_4779413689.jpg
56,00056_459559508.jpg
57,00057_4516347697.jpg
58,00058_4928592495.jpg
59,00059_3099264059.jpg
60,00060_2479812637.jpg
61,00061_2553550034.jpg
62,00062_148284.jpg
63,00063_4482890905.jpg
64,00064_3208571574.jpg
65,00065_6758092327.jpg
66,00066_11536856.jpg
67,00067_4552666474.jpg
68,00068_2638207727.jpg
69,00069_6426218107.jpg
70,00070_3302317927.jpg
71,00071_3356642567.jpg
72,00072_7874105626.jpg
73,00073_2275214054.jpg
74,00074_4756254503.jpg
75,00075_3439379227.jpg
76,00076_7007309854.jpg
77,00077_2097403787.jpg
78,00078_4768359807.jpg
79,00079_4695719556.jpg
80,00080_4869254994.jpg
81,00081_4553360582.jpg
82,00082_3826412989.jpg
83,00083_2706430695.jpg
84,00084_1163438830.jpg
85,00085_2716251485.jpg
86,00086_80479586.jpg
87,00087_4411735241.jpg
88,00088_2672634212.jpg
89,00089_3019609769.jpg
90,00090_3375134059.jpg
91,00091_37908155.jpg
92,00092_3214100656.jpg
93,00093_3731742056.jpg
94,00094_6851802767.jpg
95,00095_3965760848.jpg
96,00096_4688301633.jpg
97,00097_6167795092.jpg
98,00098_4003793942.jpg
99,00099_2380406703.jpg
100,00100_3148286846.jpg
101,00101_5080827219.jpg
102,00102_4259870068.jpg
103,00103_4700581571.jpg
104,00104_2542285730.jpg
105,00105_436393371.jpg
106,00106_2458006588.jpg
107,00107_161542404.jpg
108,00108_2285693889.jpg
109,00109_3600229533.jpg
110,00110_2551632823.jpg
111,00111_4315305725.jpg
112,00112_88767910.jpg
113,00113_3174726084.jpg
114,00114_2540751930.jpg
115,00115_139818748.jpg
116,00116_2831723637.jpg
117,00117_3684562647.jpg
118,00118_4267208325.jpg
119,00119_2074146683.jpg
120,00120_1343426964.jpg
121,00121_3819480825.jpg
122,00122_6974857128.jpg
123,00123_1275832390.jpg
124,00124_2320742338.jpg
125,00125_3346918203.jpg
126,00126_7352187056.jpg
127,00127_7480077664.jpg
128,00128_2116381816.jpg
129,00129_4485496482.jpg
130,00130_3094317837.jpg
131,00131_4648587390.jpg
132,00132_4964694718.jpg
133,00133_506082695.jpg
134,00134_4619832775.jpg
135,00135_2172526745.jpg
136,00136_3425685827.jpg
137,00137_5477270023.jpg
138,00138_4752799475.jpg
139,00139_3546891929.jpg
140,00140_664228094.jpg
141,00141_4800159134.jpg
142,00142_7472814756.jpg
143,00143_3943690510.jpg
144,00144_3692746368.jpg
145,00145_4552595911.jpg
146,00146_4702013646.jpg
147,00147_4937201263.jpg
148,00148_441176884.jpg
149,00149_2057257734.jpg
150,00150_252039335.jpg
151,00151_1277185009.jpg
152,00152_3781481086.jpg
153,00153_161456716.jpg
154,00154_6075404518.jpg
155,00155_2212472643.jpg
156,00156_4479254009.jpg
157,00157_3478471864.jpg
158,00158_4643997206.jpg
159,00159_3504662140.jpg
160,00160_2994985669.jpg
161,00161_3083457930.jpg
162,00162_3394070357.jpg
163,00163_637457347.jpg
164,00164_189374296.jpg
165,00165_3715172123.jpg
166,00166_2173362914.jpg
167,00167_5114288800.jpg
168,00168_7646106950.jpg
169,00169_14748953.jpg
170,00170_2238166082.jpg
171,00171_2941650098.jpg
172,00172_2954584849.jpg
173,00173_148512773.jpg
174,00174_1243756.jpg
175,00175_2836553263.jpg
176,00176_6408975653.jpg
177,00177_2602905768.jpg
178,00178_4382642104.jpg
179,00179_2324749825.jpg
180,00180_3472372634.jpg
181,00181_3952821132.jpg
182,00182_5869269064.jpg
183,00183_2550027486.jpg
184,00184_3084472304.jpg
185,00185_164200567.jpg
186,00186_4851139889.jpg
187,00187_444845904.jpg
188,00188_6942745583.jpg
189,00189_2430223532.jpg
190,00190_54185885.jpg
191,00191_6593497141.jpg
192,00192_2353504999.jpg
193,00193_7588236876.jpg
194,00194_2647424395.jpg
195,00195_110671345.jpg
196,00196_3303628168.jpg
197,00197_3182495095.jpg
198,00198_2275253272.jpg
199,00199_435908408.jpg
200,00200_4524364495.jpg
201,00201_3749555902.jpg
202,00202_4274214534.jpg
203,00203_2354834216.jpg
204,00204_186890605.jpg
205,00205_2863042793.jpg
206,00206_1300075854.jpg
207,00207_283091793.jpg
208,00208_2172572633.jpg
209,00209_4421766226.jpg
210,00210_2101413509.jpg
211,00211_4590153852.jpg
212,00212_280840823.jpg
213,00213_2677614492.jpg
214,00214_2619547824.jpg
215,00215_388088725.jpg
216,00216_292632657.jpg
217,00217_5823813436.jpg
218,00218_7917187398.jpg
219,00219_3286111436.jpg
220,00220_2215975928.jpg
221,00221_2999330573.jpg
222,00222_440165853.jpg
223,00223_4648702866.jpg
224,00224_1763754548.jpg
225,00225_5794205434.jpg
226,00226_4649988027.jpg
227,00227_2541104331.jpg
228,00228_2346709709.jpg
229,00229_2924870944.jpg
230,00230_89202781.jpg
231,00231_4521610802.jpg
232,00232_1391394685.jpg
233,00233_3652764505.jpg
234,00234_3501936223.jpg
235,00235_4950966242.jpg
236,00236_3463067753.jpg
237,00237_7075953327.jpg
238,00238_3265209567.jpg
239,00239_4068840117.jpg
240,00240_3093713234.jpg
241,00241_3610687607.jpg
242,00242_4517193541.jpg
243,00243_405694615.jpg
244,00244_2298077331.jpg
245,00245_2773682293.jpg
246,00246_3300369373.jpg
247,00247_86289696.jpg
248,00248_487894806.jpg
249,00249_2453971388.jpg
250,00250_3041348852.jpg
251,00251_4361124233.jpg
252,00252_4183662919.jpg
253,00253_3286620180.jpg
254,00254_4651200817.jpg
255,00255_2832610852.jpg
256,00256_532756526.jpg
257,00257_968081289.jpg
258,00258_5730564191.jpg
259,00259_2537824400.jpg
260,00260_514506850.jpg
261,00261_4467161305.jpg
262,00262_3972940813.jpg
263,00263_4056875847.jpg
264,00264_3446762868.jpg
265,00265_6271611352.jpg
266,00266_2445397614.jpg
267,00267_7006590104.jpg
268,00268_250699226.jpg
269,00269_4548948691.jpg
270,00270_369359877.jpg
271,00271_5184996839.jpg
272,00272_5096654568.jpg
273,00273_7576330234.jpg
274,00274_5811788459.jpg
275,00275_470887791.jpg
276,00276_2565685680.jpg
277,00277_5713261883.jpg
278,00278_4071416825.jpg
279,00279_4945010141.jpg
280,00280_434433505.jpg
281,00281_2326587605.jpg
282,00282_2081041537.jpg
283,00283_481888930.jpg
284,00284_2414384480.jpg
285,00285_757046028.jpg
286,00286_2127207912.jpg
287,00287_247706586.jpg
288,00288_2103812912.jpg
289,00289_3949924354.jpg
290,00290_3090923153.jpg
291,00291_2980958891.jpg
292,00292_4615550262.jpg
293,00293_2445968431.jpg
294,00294_3272541970.jpg
295,00295_3992703753.jpg
296,00296_5571017359.jpg
297,00297_4191885641.jpg
298,00298_5016890643.jpg
299,00299_2066212078.jpg
300,00300_1388346434.jpg
301,00301_3136437458.jpg
302,00302_5192523054.jpg
303,00303_116337803.jpg
304,00304_3442879605.jpg
305,00305_4427058951.jpg
306,00306_2411824767.jpg
307,00307_4585566336.jpg
308,00308_152500619.jpg
309,00309_2597824037.jpg
310,00310_4642842928.jpg
311,00311_273945661.jpg
312,00312_3301935788.jpg
313,00313_2949773540.jpg
314,00314_4702713514.jpg
315,00315_4670658067.jpg
316,00316_2363520556.jpg
317,00317_3444684583.jpg
318,00318_3591458156.jpg
319,00319_589759896.jpg
320,00320_2291958125.jpg
321,00321_365759754.jpg
322,00322_311619377.jpg
323,00323_4703377742.jpg
324,00324_4483996189.jpg
325,00325_175077366.jpg
326,00326_4956166435.jpg
327,00327_189035312.jpg
328,00328_2942535642.jpg
329,00329_4672034241.jpg
330,00330_3783987753.jpg
331,00331_2505080204.jpg
332,00332_3701699584.jpg
333,00333_4752074992.jpg
334,00334_226659133.jpg
335,00335_6208991202.jpg
336,00336_136151338.jpg
337,00337_5210947826.jpg
338,00338_1147391743.jpg
339,00339_4443034596.jpg
340,00340_3094187053.jpg
341,00341_4493639153.jpg
342,00342_865789346.jpg
343,00343_5121831412.jpg
344,00344_2315320158.jpg
345,00345_485341861.jpg
346,00346_3099294440.jpg
347,00347_113109101.jpg
348,00348_3777739107.jpg
349,00349_3490789179.jpg
350,00350_3640329164.jpg
351,00351_5293036215.jpg
352,00352_393958545.jpg
353,00353_4950282251.jpg
354,00354_5423102604.jpg
355,00355_2697058141.jpg
356,00356_6993506553.jpg
357,00357_3512747808.jpg
358,00358_3214151585.jpg
359,00359_3870931650.jpg
360,00360_211341511.jpg
361,00361_2423886164.jpg
362,00362_3462396164.jpg
363,00363_3585117340.jpg
364,00364_4689253216.jpg
365,00365_4700236014.jpg
366,00366_199413572.jpg
367,00367_7550561674.jpg
368,00368_765929807.jpg
369,00369_480781655.jpg
370,00370_566384456.jpg
371,00371_2320125735.jpg
372,00372_2738092811.jpg
373,00373_4960801678.jpg
374,00374_2566142607.jpg
375,00375_6738018405.jpg
376,00376_3240214693.jpg
377,00377_6742042393.jpg
378,00378_837919879.jpg
379,00379_3469585782.jpg
380,00380_3958778014.jpg
381,00381_3457604528.jpg
382,00382_4501954896.jpg
383,00383_31648340.jpg
384,00384_2089122314.jpg
385,00385_2752854276.jpg
386,00386_4611790729.jpg
387,00387_407008823.jpg
388,00388_3564742915.jpg
389,00389_3432550415.jpg
390,00390_57193495.jpg
391,00391_1363345475.jpg
392,00392_5829827359.jpg
393,00393_3980921026.jpg
394,00394_3526897578.jpg
395,00395_3631671718.jpg
396,00396_2687328779.jpg
397,00397_4901651849.jpg
398,00398_2441118178.jpg
399,00399_4710342117.jpg
400,00400_973827791.jpg
401,00401_456299217.jpg
402,00402_3331190056.jpg
403,00403_3474912569.jpg
404,00404_500290283.jpg
405,00405_3470008804.jpg
406,00406_3132903412.jpg
407,00407_1051953669.jpg
408,00408_180362495.jpg
409,00409_2348491126.jpg
410,00410_5031372579.jpg
411,00411_7343282792.jpg
412,00412_6586971629.jpg
413,00413_6838340009.jpg
414,00414_3978287285.jpg
415,00415_5584269779.jpg
416,00416_7123721879.jpg
417,00417_6129698446.jpg
418,00418_4888149239.jpg
419,00419_442594271.jpg
420,00420_3417983246.jpg
421,00421_2401201668.jpg
422,00422_7684654986.jpg
423,00423_1917203130.jpg
424,00424_2844126957.jpg
425,00425_314567175.jpg
426,00426_5389902618.jpg
427,00427_3381161854.jpg
428,00428_4018186978.jpg
429,00429_4256380972.jpg
430,00430_104835889.jpg
431,00431_467262667.jpg
432,00432_3113437367.jpg
433,00433_957230475.jpg
434,00434_3203286634.jpg
435,00435_3242228425.jpg
436,00436_3728256505.jpg
437,00437_3191135894.jpg
438,00438_3131288444.jpg
439,00439_1060605297.jpg
440,00440_2992658871.jpg
441,00441_355817951.jpg
442,00442_3131990048.jpg
443,00443_5737434301.jpg
444,00444_2728486640.jpg
445,00445_3449891876.jpg
446,00446_4648101227.jpg
447,00447_225221024.jpg
448,00448_2155533127.jpg
449,00449_6911531738.jpg
450,00450_7527111.jpg
451,00451_5899799040.jpg
452,00452_4851434789.jpg
453,00453_2537030709.jpg
454,00454_372570543.jpg
455,00455_537222436.jpg
456,00456_3652094744.jpg
457,00457_4619477123.jpg
458,00458_2237364221.jpg
459,00459_2610135586.jpg
460,00460_43114006.jpg
461,00461_6811962907.jpg
462,00462_3475245316.jpg
463,00463_17396786.jpg
464,00464_21138719.jpg
465,00465_1771353346.jpg
466,00466_264928854.jpg
467,00467_4608727143.jpg
468,00468_3131386286.jpg
469,00469_4337179105.jpg
470,00470_3264350290.jpg
471,00471_4042638258.jpg
472,00472_434039163.jpg
473,00473_3532476966.jpg
474,00474_4700695576.jpg
475,00475_5412034666.jpg
476,00476_61372129.jpg
477,00477_2548674570.jpg
478,00478_4725459622.jpg
479,00479_2372262128.jpg
480,00480_4501314206.jpg
481,00481_1115679311.jpg
482,00482_4688958504.jpg
483,00483_4914486970.jpg
484,00484_2420457108.jpg
485,00485_1932532591.jpg
486,00486_2462222370.jpg
487,00487_3801083035.jpg
488,00488_453502006.jpg
489,00489_2855417531.jpg
490,00490_6342418836.jpg
491,00491_4846961687.jpg
492,00492_3156948184.jpg
493,00493_3022004745.jpg
494,00494_1417031097.jpg
495,00495_443756591.jpg
496,00496_5284813529.jpg
497,00497_6273115722.jpg
498,00498_4955005678.jpg
499,00499_693785581.jpg
500,00500_4782619449.jpg
501,00501_3330019493.jpg
502,00502_4772268645.jpg
503,00503_4591783726.jpg
504,00504_3625049113.jpg
505,00505_2301155278.jpg
506,00506_352024192.jpg
507,00507_3052412278.jpg
508,00508_2796801478.jpg
509,00509_2231843419.jpg
510,00510_294716517.jpg
511,00511_2451285022.jpg
512,00512_4609256878.jpg
513,00513_49718711.jpg
514,00514_1093807815.jpg
515,00515_6319098573.jpg
516,00516_4895017117.jpg
517,00517_4338039834.jpg
518,00518_2328210895.jpg
519,00519_2992217972.jpg
520,00520_3542176488.jpg
521,00521_2255338013.jpg
522,00522_3866425459.jpg
523,00523_3439382048.jpg
524,00524_7277129240.jpg
525,00525_5207964886.jpg
526,00526_61191899.jpg
527,00527_75902252.jpg
528,00528_43499667.jpg
529,00529_3526580643.jpg
530,00530_477768471.jpg
531,00531_2312747482.jpg
532,00532_4830215458.jpg
533,00533_2866696346.jpg
534,00534_2580184589.jpg
535,00535_3064578434.jpg
536,00536_6929099939.jpg
537,00537_76466808.jpg
538,00538_484896012.jpg
539,00539_4645721437.jpg
540,00540_2986716822.jpg
541,00541_3491658971.jpg
542,00542_2730116545.jpg
543,00543_232193739.jpg
544,00544_4428629586.jpg
545,00545_4887607422.jpg
546,00546_2057160636.jpg
547,00547_4808316455.jpg
548,00548_4541692312.jpg
549,00549_4859002730.jpg
550,00550_553854589.jpg
551,00551_3723903586.jpg
552,00552_3454092588.jpg
553,00553_3352135319.jpg
554,00554_1388373425.jpg
555,00555_2900048238.jpg
556,00556_3801479828.jpg
557,00557_6664029089.jpg
558,00558_4791332465.jpg
559,00559_4945942737.jpg
560,00560_470458461.jpg
561,00561_1433154463.jpg
562,00562_3120266797.jpg
563,00563_2595186208.jpg
564,00564_3885034832.jpg
565,00565_4689485382.jpg
566,00566_1265501253.jpg
567,00567_876493846.jpg
568,00568_4652954218.jpg
569,00569_1441148458.jpg
570,00570_2954291559.jpg
571,00571_4463772983.jpg
572,00572_4846544688.jpg
573,00573_4823571483.jpg
574,00574_339274747.jpg
575,00575_3176968956.jpg
576,00576_6882674785.jpg
577,00577_2413875259.jpg
578,00578_553918837.jpg
579,00579_39494353.jpg
580,00580_2315973850.jpg
581,00581_1384302953.jpg
582,00582_535020523.jpg
583,00583_268224691.jpg
584,00584_4378559088.jpg
585,00585_4431540400.jpg
586,00586_5098572639.jpg
587,00587_3161943751.jpg
588,00588_4514335001.jpg
589,00589_3514278386.jpg
590,00590_4799652268.jpg
591,00591_95081415.jpg
592,00592_4808564166.jpg
593,00593_2249480913.jpg
594,00594_2268207503.jpg
595,00595_11338041.jpg
596,00596_1572286502.jpg
597,00597_3149508060.jpg
598,00598_484443289.jpg
599,00599_558338473.jpg
600,00600_4570419406.jpg
601,00601_2409312675.jpg
602,00602_373759186.jpg
603,00603_3047144646.jpg
604,00604_472535997.jpg
605,00605_2687075275.jpg
606,00606_3354264393.jpg
607,00607_4553607445.jpg
608,00608_4001078031.jpg
609,00609_6156276992.jpg
610,00610_1349427689.jpg
611,00611_8117746605.jpg
612,00612_4766439161.jpg
613,00613_1130401779.jpg
614,00614_308956341.jpg
615,00615_2341902084.jpg
616,00616_434932657.jpg
617,00617_4562512283.jpg
618,00618_6915657364.jpg
619,00619_2622971954.jpg
620,00620_3416852229.jpg
621,00621_3724113279.jpg
622,00622_3382105769.jpg
623,00623_266547962.jpg
624,00624_2802497633.jpg
625,00625_2773744784.jpg
626,00626_3338120273.jpg
627,00627_2977128559.jpg
628,00628_3391716619.jpg
629,00629_4825833751.jpg
630,00630_3316628110.jpg
631,00631_3564489441.jpg
632,00632_2978024878.jpg
633,00633_3356369156.jpg
634,00634_3213517626.jpg
635,00635_4452413258.jpg
636,00636_2617242703.jpg
637,00637_2843695880.jpg
638,00638_1433577867.jpg
639,00639_2662840398.jpg
640,00640_4830307454.jpg
641,00641_7502962058.jpg
642,00642_4552824261.jpg
643,00643_5430267989.jpg
644,00644_3288928346.jpg
645,00645_4971935706.jpg
646,00646_3330218126.jpg
647,00647_6959556104.jpg
648,00648_223864886.jpg
649,00649_436808119.jpg
650,00650_3527926597.jpg
651,00651_5804672051.jpg
652,00652_3226105839.jpg
653,00653_143237785.jpg
654,00654_4851553712.jpg
655,00655_390894604.jpg
656,00656_4686754959.jpg
657,00657_2572812372.jpg
658,00658_4032238990.jpg
659,00659_4672184689.jpg
660,00660_6811679265.jpg
661,00661_36030175.jpg
662,00662_535830521.jpg
663,00663_2700345173.jpg
664,00664_3410629379.jpg
665,00665_97971267.jpg
666,00666_4041300706.jpg
667,00667_3665169936.jpg
668,00668_4969006670.jpg
669,00669_2243700772.jpg
670,00670_4745414475.jpg
671,00671_6090766940.jpg
672,00672_2465497494.jpg
673,00673_4945968199.jpg
674,00674_2355098740.jpg
675,00675_461139075.jpg
676,00676_3139389284.jpg
677,00677_2314732154.jpg
678,00678_4589656744.jpg
679,00679_4551426278.jpg
680,00680_1395107023.jpg
681,00681_83457315.jpg
682,00682_3262801036.jpg
683,00683_2656110989.jpg
684,00684_3234167919.jpg
685,00685_181967064.jpg
686,00686_2742808804.jpg
687,00687_6141300695.jpg
688,00688_1452176236.jpg
689,00689_3228341718.jpg
690,00690_3929379436.jpg
691,00691_3671957239.jpg
692,00692_4329182834.jpg
693,00693_3508051251.jpg
694,00694_4565081074.jpg
695,00695_5828028061.jpg
696,00696_4297523137.jpg
697,00697_6989007116.jpg
698,00698_3226541300.jpg
699,00699_6312211846.jpg
700,00700_3490867290.jpg
701,00701_2118681098.jpg
702,00702_2256138896.jpg
703,00703_2774362575.jpg
704,00704_4718154276.jpg
705,00705_4702657446.jpg
706,00706_4633221176.jpg
707,00707_3131160589.jpg
708,00708_4893674870.jpg
709,00709_4441842421.jpg
710,00710_4970416265.jpg
711,00711_3414734842.jpg
712,00712_6887324285.jpg
713,00713_3847158742.jpg
714,00714_2847514745.jpg
715,00715_1714937792.jpg
716,00716_4685141560.jpg
717,00717_3687996569.jpg
718,00718_335110163.jpg
719,00719_5046329939.jpg
720,00720_1522787272.jpg
721,00721_4731970350.jpg
722,00722_4778253765.jpg
723,00723_307994435.jpg
724,00724_7172108149.jpg
725,00725_3030565991.jpg
726,00726_4525917968.jpg
727,00727_4526144395.jpg
728,00728_2915400809.jpg
729,00729_4705854511.jpg
730,00730_3152635763.jpg
731,00731_2161799386.jpg
732,00732_3361411074.jpg
733,00733_1187252153.jpg
734,00734_2481082525.jpg
735,00735_4718997478.jpg
736,00736_4953325348.jpg
737,00737_6592762429.jpg
738,00738_8047664455.jpg
739,00739_3477977145.jpg
740,00740_267593659.jpg
741,00741_4830293194.jpg
742,00742_3371567529.jpg
743,00743_3178385319.jpg
744,00744_126378326.jpg
745,00745_3247052319.jpg
746,00746_309059803.jpg
747,00747_892870649.jpg
748,00748_2054125670.jpg
749,00749_2133733793.jpg
750,00750_5192912743.jpg
751,00751_1853559110.jpg
752,00752_4820394128.jpg
753,00753_6940278172.jpg
754,00754_202174343.jpg
755,00755_504385521.jpg
756,00756_411216802.jpg
757,00757_4141222372.jpg
758,00758_3355032482.jpg
759,00759_2385522475.jpg
760,00760_3053791069.jpg
761,00761_3357209547.jpg
762,00762_3805877081.jpg
763,00763_4743644732.jpg
764,00764_2487069642.jpg
765,00765_6039214277.jpg
766,00766_4671069535.jpg
767,00767_2215393122.jpg
768,00768_111766423.jpg
769,00769_2194167019.jpg
770,00770_4115261994.jpg
771,00771_539218410.jpg
772,00772_165764051.jpg
773,00773_3352791995.jpg
774,00774_155014252.jpg
775,00775_5904834587.jpg
776,00776_4700620470.jpg
777,00777_6918264972.jpg
778,00778_171822522.jpg
779,00779_495549518.jpg
780,00780_3179833180.jpg
781,00781_651277216.jpg
782,00782_5748015019.jpg
783,00783_3656659570.jpg
784,00784_2534652796.jpg
785,00785_3014986976.jpg
786,00786_4392574245.jpg
787,00787_402229993.jpg
788,00788_3705470430.jpg
789,00789_3087095548.jpg
790,00790_3281078518.jpg
791,00791_372243070.jpg
792,00792_3269037761.jpg
793,00793_4888017896.jpg
794,00794_4808709546.jpg
795,00795_4520820052.jpg
796,00796_3376222719.jpg
797,00797_539750844.jpg
798,00798_3374223949.jpg
799,00799_2103104748.jpg
800,00800_396763804.jpg
801,00801_3614582606.jpg
802,00802_75902708.jpg
803,00803_7438344154.jpg
804,00804_4895169883.jpg
805,00805_3020714541.jpg
806,00806_402668805.jpg
807,00807_3301271382.jpg
808,00808_305604437.jpg
809,00809_3583293892.jpg
810,00810_6316125258.jpg
811,00811_3148098037.jpg
812,00812_4530729176.jpg
813,00813_5506395415.jpg
814,00814_132991765.jpg
815,00815_6521812555.jpg
816,00816_8169402416.jpg
817,00817_241347214.jpg
818,00818_3886962927.jpg
819,00819_3687222696.jpg
820,00820_4935046155.jpg
821,00821_4893369019.jpg
822,00822_3134768532.jpg
823,00823_2252722473.jpg
824,00824_6841943688.jpg
825,00825_2680418020.jpg
826,00826_7165826558.jpg
827,00827_2541462585.jpg
828,00828_5622966650.jpg
829,00829_6276165800.jpg
830,00830_6958305371.jpg
831,00831_8178147905.jpg
832,00832_33394246.jpg
833,00833_5791070.jpg
834,00834_2528395479.jpg
835,00835_211640856.jpg
836,00836_86343902.jpg
837,00837_2081033707.jpg
838,00838_2971725406.jpg
839,00839_3319737840.jpg
840,00840_2748435417.jpg
841,00841_3337809183.jpg
842,00842_2916179149.jpg
843,00843_4442931243.jpg
844,00844_69482590.jpg
845,00845_3721799573.jpg
846,00846_2439942035.jpg
847,00847_3963089141.jpg
848,00848_3757598567.jpg
849,00849_1994416869.jpg
850,00850_4751332425.jpg
851,00851_6774607635.jpg
852,00852_1584315962.jpg
853,00853_7156247619.jpg
854,00854_3341117695.jpg
855,00855_2616508003.jpg
856,00856_2545192257.jpg
857,00857_3046126634.jpg
858,00858_6977288802.jpg
859,00859_4567985140.jpg
860,00860_4851214609.jpg
861,00861_4411079474.jpg
862,00862_3256275785.jpg
863,00863_3714551959.jpg
864,00864_3227578417.jpg
865,00865_2873065944.jpg
866,00866_4070658400.jpg
867,00867_276984593.jpg
868,00868_2539357436.jpg
869,00869_2991662048.jpg
870,00870_6151897522.jpg
871,00871_5388693640.jpg
872,00872_6599201429.jpg
873,00873_2644326817.jpg
874,00874_2120411340.jpg
875,00875_242064301.jpg
876,00876_2131161531.jpg
877,00877_7802432164.jpg
878,00878_2807437579.jpg
879,00879_4704939941.jpg
880,00880_2649056692.jpg
881,00881_7526600638.jpg
882,00882_4963810508.jpg
883,00883_224344397.jpg
884,00884_317641829.jpg
885,00885_3015368588.jpg
886,00886_319870744.jpg
887,00887_6754889771.jpg
888,00888_4564468036.jpg
889,00889_2260649048.jpg
890,00890_1019604187.jpg
891,00891_160065765.jpg
892,00892_3205839744.jpg
893,00893_313385842.jpg
894,00894_2119206841.jpg
895,00895_3169094038.jpg
896,00896_2975807155.jpg
897,00897_14887980.jpg
898,00898_2049051050.jpg
899,00899_3775917632.jpg
900,00900_2074686457.jpg
901,00901_271572671.jpg
902,00902_130784506.jpg
903,00903_4912471031.jpg
904,00904_4948943251.jpg
905,00905_2565237642.jpg
906,00906_1563984945.jpg
907,00907_3970199532.jpg
908,00908_418396886.jpg
909,00909_4035354150.jpg
910,00910_3291515826.jpg
911,00911_3659506961.jpg
912,00912_5318400439.jpg
913,00913_2808286426.jpg
914,00914_1663454406.jpg
915,00915_4585839343.jpg
916,00916_4898640485.jpg
917,00917_525434560.jpg
918,00918_455914518.jpg
919,00919_4738240252.jpg
920,00920_4898790718.jpg
921,00921_3187801616.jpg
922,00922_6214063093.jpg
923,00923_4543013263.jpg
924,00924_1791491934.jpg
925,00925_2706743557.jpg
926,00926_4505409459.jpg
927,00927_5293641153.jpg
928,00928_8074724619.jpg
929,00929_7072091637.jpg
930,00930_394463341.jpg
931,00931_6734323683.jpg
932,00932_3478547247.jpg
933,00933_6223093296.jpg
934,00934_3971414240.jpg
935,00935_1066831905.jpg
936,00936_2356664078.jpg
937,00937_4011368227.jpg
938,00938_471106357.jpg
939,00939_3343900764.jpg
940,00940_523249012.jpg
941,00941_224069602.jpg
942,00942_4413167760.jpg
943,00943_3185787277.jpg
944,00944_2475131029.jpg
945,00945_133661473.jpg
946,00946_138705546.jpg
947,00947_7973583420.jpg
948,00948_1105959054.jpg
949,00949_314940358.jpg
950,00950_17266976.jpg
951,00951_258309347.jpg
952,00952_238512430.jpg
953,00953_2915223777.jpg
954,00954_1266116986.jpg
955,00955_2631576413.jpg
956,00956_7052778829.jpg
957,00957_4859794751.jpg
958,00958_270263570.jpg
959,00959_2517489722.jpg
960,00960_4950626600.jpg
961,00961_3207343907.jpg
962,00962_4955017854.jpg
963,00963_4783077148.jpg
964,00964_4718615348.jpg
965,00965_516279719.jpg
966,00966_4958945147.jpg
967,00967_519317202.jpg
968,00968_4725687806.jpg
969,00969_3663336692.jpg
970,00970_2501968935.jpg
971,00971_3218481970.jpg
972,00972_3363622599.jpg
973,00973_2085403342.jpg
974,00974_253359311.jpg
975,00975_161975117.jpg
976,00976_2521983429.jpg
977,00977_5350403659.jpg
978,00978_4344231645.jpg
979,00979_3784860302.jpg
980,00980_252151991.jpg
981,00981_2917248300.jpg
982,00982_6208501317.jpg
983,00983_6961930082.jpg
984,00984_3782404759.jpg
985,00985_3103705435.jpg
986,00986_8111420340.jpg
987,00987_2949014128.jpg
988,00988_4684005479.jpg
989,00989_2705920892.jpg
990,00990_237958272.jpg
991,00991_301608837.jpg
992,00992_6184270681.jpg
993,00993_6339096.jpg
994,00994_4360937435.jpg
995,00995_2984440027.jpg
996,00996_1332867233.jpg
997,00997_2719343003.jpg
998,00998_3201427741.jpg
999,00999_2953730430.jpg
